GEOID10,Affordable_Solar,Community_Distributed_Generation,Expected_KWh_Annual_Production,Total_Nameplate_kW_DC,Project_Cost,cost_Kw,Project_Number
36001000200,0,0,87768.03,74.79,23172.45,4974.02337488,16
36001000300,0,0,32221.91,27.45,110980.0,4042.98724954,1
36001000501,0,0,782892.6,666.97,103380.529677,4891.02119775,31
36001001100,0,0,734729.95,625.94,83855.163871,4502.37033132,31
36001001700,0,0,948976.87,808.55,31547.0469919,4847.34512097,123
36001002000,1,0,1294263.03,1102.62,56843.696,4919.77363067,75
36001002500,0,0,1425957.36,1214.8,143362.892903,4859.6064987,31
36001013000,0,0,1334749.98,1137.18,43494.796015,4786.42474015,133
36001013100,0,0,14790.38,12.6,46620.0,3700.0,1
36001013300,3,0,1512258.11,1288.39,66062.1297059,5164.4656028,102
36001013507,0,0,3470035.46,2956.29,72301.9469841,5091.23811102,189
36001013602,0,0,3510507.03,2990.65,160852.053611,5690.13273193,72
36001013707,1,0,1281003.36,1091.35,53689.4124211,5101.55628205,95
36001013902,2,0,5677758.39,4837.17,65243.1934337,5010.53926714,332
36001014203,0,0,1259998.69,1073.5,34022.9221379,4783.33605766,145
36001014301,0,0,5723209.57,4875.65,253360.887188,4143.8911401,64
36001014302,0,0,1045410.16,890.66,54291.736338,4877.66703072,71
36001014401,0,0,1568548.4,1336.29,74691.1625333,4746.75034018,75
36001014501,1,0,2967568.4,2528.17,50555.5845,4818.97018558,200
36001014502,0,0,254265.47,216.62,38161.272963,4844.02897123,27
36001014607,1,0,4330508.19,3689.34,51588.9847581,4971.89479041,248
36001014608,1,0,2121580.82,1807.53,47028.6163483,4912.87841769,178
36001014612,3,0,1411272.56,1202.35,44421.3304444,5197.59905425,135
36001014700,0,0,31130.23,26.52,45955.0,3475.69444444,2
36001014801,1,0,701766.11,597.86,43232.8371429,5269.26745819,70
36001014802,2,0,430249.99,366.56,38076.2729412,5462.31534673,51
36001014803,2,0,513907.17,437.82,37049.1450909,4864.56508438,55
36003950100,0,0,46965.34,40.01,66142.0633333,5866.36727686,3
36003950300,0,0,68170.76,58.08,43395.245,5149.19116819,6
36003950400,0,0,44277.25,37.72,24947.6,3241.29713137,5
36003950500,1,0,353739.03,301.36,80564.5415385,4304.56831329,13
36003950600,0,0,21434.32,18.26,20585.0,3475.56980057,3
36003950700,0,0,23406.36,19.94,22108.5,4524.88690476,4
36003950800,0,0,143085.23,121.9,45618.3738462,4658.87939154,13
36003950900,1,0,19503.35,16.62,35442.0,4220.3377367,2
36003951000,0,0,381409.95,324.93,79433.4953333,4441.72087982,15
36003951100,0,0,3591.95,3.06,27140.0,8869.28104575,1
36003951200,0,0,67190.6,57.25,33689.15,4006.42687241,5
36003951300,0,0,98393.62,83.82,28160.175,3420.00445667,10
36005001600,0,0,468389.13,399.05,27173.4653846,4826.76515168,65
36005002701,0,0,424781.0,361.88,158791.011579,6996.25374092,19
36005006100,0,0,1174357.66,1000.45,165976.336774,5594.58665901,31
36005006800,0,0,305262.97,260.07,67853.6763158,4659.27100431,19
36005007300,0,0,594028.78,506.06,190437.464615,5675.7107479,13
36005009300,0,9,1519574.63,1294.53,257177.254118,4417.48261024,17
36005012701,0,0,278628.52,237.37,64326.348125,4820.10470115,16
36005014500,0,0,409293.4,348.7,91507.7909524,5157.7396432,21
36005015800,0,0,749365.37,638.49,29152.5471028,4891.19356093,107
36005021001,0,0,762744.81,649.79,111308.048,4874.6489941,30
36005021100,0,0,1317014.43,1121.97,218919.099091,4408.69505259,22
36005024300,0,0,115720.67,98.59,36798.5907143,5179.72470113,14
36005026500,0,0,785593.6,669.25,209915.479375,5227.72837141,16
36005028400,0,0,869430.42,740.71,52528.9730303,4840.49834017,66
36005028900,0,0,171667.05,146.24,49029.924,5521.38252668,15
36005035000,0,0,742224.88,632.37,27782.1125263,4547.73385244,95
36005035100,0,0,270095.88,230.1,75399.5766667,5112.99974672,15
36005036100,0,0,354754.4,302.23,49993.6866667,5173.70725961,24
36005037600,0,0,385044.16,328.02,52144.4239286,5266.86263308,28
36005039500,0,0,310152.01,264.21,138067.985714,7777.33966621,14
36005039700,0,0,173816.36,148.08,151715.21,4958.40693472,5
36005042600,1,0,734359.01,625.65,37441.6295775,4661.54068711,71
36005045102,0,0,95917.98,81.73,38123.8918182,4866.0358307,11
36005046201,0,0,108966.38,92.84,37053.4090909,4178.60490152,11
36005050400,0,0,166504.51,141.85,39321.9138889,4893.33748792,18
36007010200,0,0,66814.97,56.92,46954.464,4080.69881244,5
36007011901,0,0,255035.52,217.27,74683.9533333,5172.18339754,15
36007011902,0,0,58058.13,49.46,43879.56,4616.92450053,5
36007011903,0,0,14115.43,12.03,31900.0,2651.70407315,1
36007012000,0,0,16903.3,14.4,62695.0,4353.81944444,1
36007012103,1,0,217505.5,185.29,39173.6669565,4854.18721491,23
36007012201,0,0,630120.8,536.82,70486.1891892,4847.87487475,37
36007012202,0,0,37463.11,31.92,38177.94,4946.87517701,4
36007012300,0,0,35485.19,30.23,40438.6,6852.20407865,5
36007012400,0,0,32923.87,28.05,34714.6,6187.51549414,5
36007012500,0,0,82877.79,70.6,33900.7,5116.80000182,10
36007012600,0,0,252334.45,214.97,31895.2571429,5251.12918408,35
36007012701,0,0,247128.54,210.53,245312.5,2889.85528794,2
36007012702,1,0,96548.32,82.26,25161.64,4688.3111964,15
36007012900,0,0,98244.53,83.7,32789.7916667,4999.65305126,12
36007013304,0,0,383704.82,326.9,25885.4107018,4568.44973512,57
36007014301,0,0,768935.61,655.08,52497.0484,4626.87712305,50
36009940300,0,0,8451.65,7.2,42488.0,5901.11111111,1
36009960200,0,0,96151.59,81.92,32336.018,4388.21663007,10
36009960300,0,0,96096.43,81.88,35076.4444444,4064.31692974,9
36009960400,0,0,112172.15,95.56,48504.2222222,4286.11254505,9
36009960500,1,0,302434.0,257.67,68035.240625,4027.59093886,16
36009960600,0,0,79169.64,67.45,27088.0636364,4626.11157902,11
36009960702,0,0,49389.33,42.08,74762.6666667,4407.32106787,3
36009960800,0,0,163791.77,139.55,40442.8626667,4274.41988748,15
36009961100,0,0,112459.74,95.82,31838.9581818,3846.11169003,11
36009961300,0,0,8011.46,6.83,22512.0,3296.04685212,1
36009961400,1,0,166241.55,141.64,37450.8325,4083.44389043,16
36009961800,0,0,115144.3,98.09,31159.7690909,3638.130378,11
36009962200,1,0,342872.78,292.1,81831.8333333,3850.41269474,12
36011040100,0,0,395832.94,337.24,33125.0144118,3592.4976767,34
36011040200,0,0,264173.86,225.08,33340.4663636,3468.75184277,22
36011040300,0,0,174156.77,148.38,47857.9469231,4374.50354633,13
36011040400,1,0,516352.28,439.89,80124.172,4072.57715933,20
36011040800,0,0,505184.34,430.37,43005.3623333,4426.72834159,30
36011040900,0,0,170429.85,145.19,30998.0236842,4286.82935181,19
36011041000,0,0,399926.1,340.71,35277.8718421,4104.65437787,38
36011041100,0,0,69561.76,59.26,34313.2483333,3838.77310772,6
36011041200,0,0,176171.1,150.08,29773.755,4089.16531454,20
36011041700,0,0,789768.95,672.85,36744.5469565,4150.28199363,69
36013030800,0,0,280271.92,238.77,41624.3116667,4109.98288324,24
36013035100,0,0,90403.29,77.02,46333.8125,4575.86425487,8
36013035400,1,0,233339.43,198.81,43264.6204348,4620.62526895,23
36013035901,3,0,446299.85,380.22,31006.6755319,3728.56870243,47
36013036100,0,0,4838295.04,4121.78,330623.417317,3870.58029265,41
36013036300,0,0,69197.87,58.95,27547.5714286,3295.20301163,7
36013036401,0,0,131979.52,112.43,86849.0625,5853.14767295,8
36013036402,0,0,146976.51,125.22,35960.6238462,4035.51588987,13
36013036500,0,0,45116.54,38.44,27539.2,4700.94294925,6
36013036600,0,0,39863.61,33.96,33512.025,4604.25520436,4
36013036700,1,0,172008.64,146.54,84535.16875,5028.11792626,8
36013036800,0,0,169322.89,144.25,27849.7571429,4458.36517224,21
36013036902,0,0,338963.91,288.77,42005.6178571,4030.89623621,28
36013037100,0,0,150515.63,128.23,61285.11,5244.32802174,12
36013037400,0,0,62509.33,53.27,36547.602,3670.90467077,5
36013037600,1,0,319595.56,272.27,40418.435,3514.12793461,20
36015001100,0,0,6162.66,5.25,23205.0,4420.0,1
36015010100,0,0,255895.95,218.0,34924.6144,5070.31221888,25
36015010200,0,0,18734.49,15.96,32228.5,4290.36356209,2
36015010300,0,0,661118.42,563.22,114452.071,4668.10780958,20
36015010700,0,0,419280.39,357.21,33931.7425581,4237.88535975,43
36015010900,0,0,34968.7,29.79,26966.6,4522.84709997,5
36015011000,0,0,175745.01,149.72,31150.1545455,5028.54299235,22
36015011200,0,0,159065.87,135.51,32224.6116667,4467.15409008,18
36017970100,0,0,326362.73,278.03,120884.68625,4763.5825804,8
36017970200,0,0,65729.18,56.0,30653.20875,4617.36498955,8
36017970300,0,0,126123.24,107.45,35178.3975,5586.15789671,16
36017970602,0,0,58640.36,49.96,35664.3216667,4338.12256568,6
36017970700,0,0,112309.48,95.68,36627.0433333,4868.36593982,12
36017970801,1,0,65358.24,55.68,38621.1266667,4647.1821532,6
36017970802,0,0,609023.41,518.83,115652.010625,4521.88731273,16
36017970900,0,0,69596.97,59.29,32852.74875,4880.25242772,8
36017971000,0,0,97076.57,82.7,49309.6633333,4059.41899219,6
36019100100,0,0,113991.6,97.11,44057.3636364,5282.90959667,11
36019100200,0,0,526192.59,448.26,46926.1162791,4776.98144925,43
36019100300,0,0,94529.33,80.54,44090.74875,4254.92896567,8
36019100400,0,0,140532.13,119.73,58427.3088889,4961.42449447,9
36019101000,0,0,717721.0,611.44,52056.3467347,4487.97604695,49
36019101700,0,0,118980.43,101.36,36178.9615385,5466.26179467,13
36019101800,0,0,292951.73,249.56,40213.9074074,4847.22127467,27
36019101900,1,0,301769.61,257.09,45109.3744444,5128.43402769,27
36021000100,0,0,172720.0,147.15,54011.79875,6251.79973518,16
36021000200,1,0,1123089.06,956.8,75789.9509804,5615.90897184,51
36021000300,0,0,265558.99,226.25,55787.8822222,6855.24349307,27
36021000401,0,0,316860.49,269.94,61038.3184,6284.83565482,25
36021000402,0,0,1689010.17,1438.91,61097.0073636,5040.70313162,110
36021000500,0,0,424660.15,361.79,40099.815,5398.2155209,46
36021000600,0,0,41501.12,35.36,38348.0,5988.75389278,5
36021000700,0,0,753166.28,641.68,55417.6879688,5741.36571523,64
36021000800,0,0,611833.58,521.24,64449.4186,5852.91764762,50
36021000900,0,0,363746.04,309.9,44934.4484444,6991.89809014,45
36021001000,0,0,2798285.46,2383.97,65431.825615,5540.3592537,187
36021001400,0,0,55256.17,47.08,35697.0016667,5275.63154247,6
36021001500,0,0,743761.47,633.64,104032.929286,5443.96089308,28
36021001600,0,0,273869.76,233.32,53287.976087,5610.89292249,23
36021001700,0,0,104070.3,88.67,59331.67,6482.20876292,10
36021001800,0,0,639243.9,544.6,64889.6007843,5666.10913273,51
36021002000,0,1,919131.94,783.05,55418.7074603,5122.89779104,63
36023970100,0,0,107406.37,91.5,47922.0,4523.44240242,6
36023970200,1,0,597891.87,509.39,49658.0768182,4065.1805064,44
36023970400,0,0,71908.27,61.26,29032.23125,4130.7614145,8
36023970900,3,0,1061138.44,904.04,35711.4043,4181.44404556,100
36023971100,0,0,133266.06,113.53,36149.5453333,5389.99651175,15
36023971200,0,0,173438.38,147.77,33082.6877778,3964.87440309,18
36025970100,0,0,12548.35,10.69,32200.5,6819.09525503,2
36025970200,0,0,70702.72,60.23,33465.0877778,5434.12478161,9
36025970300,0,0,58323.43,49.69,33399.91875,5793.24054969,8
36025970400,0,0,54043.6,46.04,42819.5,5477.69112181,6
36025970500,0,0,3732.81,3.18,11805.0,3712.26415094,1
36025970600,0,0,71350.69,60.78,47417.945,6827.99325067,8
36025970700,0,0,104859.14,89.34,52250.2566667,5140.5490371,9
36025970800,0,0,267533.39,227.94,43736.6488,5447.47777493,25
36025971000,0,0,249189.79,212.29,103390.214545,6641.39349813,11
36025971100,0,0,71428.16,60.85,78787.022,6407.015236,5
36025971200,0,0,205768.29,175.3,36999.412381,5398.4122284,21
36025971300,0,0,417250.82,355.46,102768.905455,5024.55758588,11
36025971400,0,0,275987.4,235.13,120090.5825,4644.38437267,8
36027010000,0,0,236825.73,201.76,61370.7631579,6030.86016526,19
36027020005,0,0,727008.42,619.42,42012.54,4517.19028967,68
36027030000,0,0,851448.35,725.42,51728.5668919,5345.94133563,74
36027040001,0,0,272749.95,232.36,49096.6604167,5112.62297179,24
36027040003,1,0,334276.75,284.79,50763.1889655,5205.02195816,29
36027050203,0,0,3413740.3,2908.38,41948.2465231,4747.74750212,325
36027050205,1,0,508597.87,433.31,42736.4457447,4717.47535071,47
36027060202,0,0,12665.74,10.79,14403.0,3014.7605225,2
36027060400,0,0,1110709.69,946.31,38723.6007965,4641.50029179,113
36027070102,1,0,1115018.89,949.98,41338.2409259,4855.84216892,108
36027080104,0,0,39200.38,33.4,60382.95,3593.72746186,2
36027080201,0,0,3071036.58,2616.46,36400.9060479,4685.61470245,334
36027100000,0,0,455209.28,387.8,71111.8697143,6294.34988728,35
36027110003,0,0,122654.54,104.49,44146.8327273,4634.40085015,11
36027110005,0,0,393254.0,335.03,45087.7394595,5221.38972457,37
36027120000,0,0,449174.58,382.67,42066.682,5125.38045562,45
36027130003,0,0,1184470.3,1009.09,47222.7643925,4912.53942571,107
36027130005,0,0,439759.19,374.65,52196.8897297,5261.95711891,37
36027150003,1,0,133418.65,113.66,43044.3707692,5114.55498161,13
36027150004,1,0,462447.17,393.99,45860.5481395,5101.52122911,43
36027150005,0,0,1844912.54,1571.83,44608.0505085,5023.76252364,177
36027160003,0,0,13945.22,11.88,95000.0,7996.63299663,1
36027160004,2,2,2063826.7,1758.26,61466.9951095,5793.20925908,137
36027170000,1,0,1012219.82,862.37,53214.3089888,5835.61929397,89
36027180001,0,0,1433623.68,1221.45,50668.1988136,4923.63406314,118
36027190204,0,0,4160713.41,3544.8,38603.7505502,4639.02252806,418
36027200001,1,0,332823.56,283.53,54775.1223077,5550.07991935,26
36027210101,1,0,1717169.47,1463.05,30282.5670698,4639.7128339,215
36027221100,0,0,2954799.43,2517.35,49972.1243256,4801.48192407,215
36027410000,0,0,8789.71,7.49,69640.0,9297.73030708,1
36029000800,0,0,530274.0,451.75,129323.308462,4221.05694424,13
36029001402,0,0,438514.94,373.58,147185.12,5514.1280374,9
36029002400,0,0,250650.05,213.54,161069.844,4350.16923572,5
36029003301,0,0,305744.24,260.48,165245.528571,5653.16415603,7
36029003500,0,0,785572.46,669.25,242792.288889,5093.84564336,9
36029004401,0,0,682582.09,581.51,127782.233333,4659.47794866,18
36029004500,0,0,426074.56,362.99,70790.2892308,5243.88288672,26
36029004900,2,0,374741.39,319.25,43980.0412121,4176.41289278,33
36029005700,0,0,970712.89,826.96,199561.025,4438.19440003,16
36029006100,3,0,1088413.76,927.25,101035.342121,4521.72640239,33
36029006602,0,0,296183.31,252.32,112010.403846,5414.12687226,13
36029007101,0,0,871306.21,742.32,78451.8423529,4085.89367934,34
36029007102,0,0,347779.44,296.28,216315.05,5513.15123368,5
36029007304,0,0,747177.34,636.57,41531.9039706,4107.29616429,68
36029008002,0,0,273791.15,233.25,46233.184,4291.8998881,25
36029008101,0,1,2328351.6,1983.59,113031.357297,4497.4622214,74
36029008700,0,0,793808.15,676.26,126304.819565,4448.84888875,23
36029009006,0,0,2016526.85,1717.99,55775.3648175,4042.76017788,137
36029009010,0,0,1188989.61,1012.98,32907.94624,3976.42647159,125
36029009106,0,0,410296.99,349.55,37737.6941176,3745.22159353,34
36029009401,1,0,684324.11,583.03,38133.7219697,4196.61384596,66
36029009800,0,0,424683.57,361.81,67742.6417241,4670.54278405,29
36029010102,1,0,857895.12,730.88,92274.8964516,3959.88224554,31
36029010700,0,0,7629.96,6.5,20800.0,3200.0,1
36029010808,0,0,614642.6,523.63,102156.278,4446.55446791,25
36029011800,1,0,1013609.68,863.53,78645.7839583,4425.64391112,48
36029013001,0,0,475747.96,405.3,147052.175833,4235.7557506,12
36029013101,0,0,27608.72,23.52,151424.0,6438.0952381,1
36029013102,0,0,266329.02,226.92,30638.5134615,3475.85572681,26
36029013400,0,0,798923.72,680.68,48973.540303,4155.36854851,66
36029013600,0,0,823394.76,701.51,61940.5723333,4538.36746087,60
36029013800,0,0,46401.89,39.53,24852.1666667,3736.60031388,6
36029014000,0,0,278394.94,237.18,39260.5037037,4665.46436586,27
36029014102,0,0,386716.88,329.46,72951.956,4635.50099705,25
36029014204,0,0,755930.7,644.04,53809.9933333,4493.10220234,63
36029014208,0,0,50287.31,42.84,279552.0,6525.49019608,1
36029014701,0,0,298498.14,254.3,37415.54125,4595.36003152,32
36029014702,0,0,329137.71,280.4,37122.7625,4174.82510819,32
36029014801,1,0,655316.13,558.3,49237.9454348,3924.94383975,46
36029014903,0,0,2405943.55,2049.66,175721.521026,3748.99233534,39
36029015001,0,0,21516.49,18.33,14694.9375,3206.51348974,4
36029015002,0,0,93461.13,79.62,32278.4125,3690.13540275,8
36029015003,0,0,137015.31,116.73,45246.395,4046.75076207,10
36029015101,0,0,66216.31,56.41,38234.3333333,4306.28225863,6
36029015102,0,0,132015.91,112.47,34926.9166667,3882.55473531,12
36029015201,0,0,80912.81,68.93,28427.768,4283.69736035,10
36029015301,0,0,366630.14,312.35,42976.9283871,4223.62987884,31
36029015402,0,0,250040.85,213.03,63197.7864286,4183.43345927,14
36029015501,0,0,352058.07,299.92,65949.0875,4599.48751713,24
36029015600,0,0,14367.8,12.24,79560.0,6500.0,1
36029015700,1,0,361613.16,308.06,59361.8177273,4825.54476264,22
36029015800,1,0,172975.89,147.38,41166.9428571,4389.47303423,14
36029016200,0,0,81300.16,69.27,32559.21,4221.86559902,9
36029016300,0,0,192715.17,164.18,98835.8055556,5412.19278587,9
36029016400,0,0,227155.65,193.52,193924.0,5400.92532258,5
36029016500,0,0,4789.27,4.08,13056.0,3200.0,1
36029016700,0,0,492167.65,419.3,82588.7144444,4124.5668693,18
36029016900,1,0,249378.79,212.46,42781.18,4904.28992178,26
36029017502,0,0,102511.45,87.33,43749.9355556,4747.09254941,9
36029940000,0,0,78113.19,66.55,30790.4042857,3238.07962008,7
36031960100,0,0,50193.4,42.76,22573.75,5718.28171499,8
36031960200,0,0,126414.34,107.69,30065.3333333,5830.20508551,18
36031960300,0,0,154313.02,131.47,35611.1028571,4199.89410516,14
36031960598,0,0,22854.66,19.47,52244.0,8063.63563168,3
36031960700,0,0,151988.8,129.48,74923.4933333,6104.20703967,12
36031960800,0,0,78130.79,66.56,35699.5375,4923.13166688,8
36031960900,3,0,640897.84,545.99,30791.9125,4823.59965332,76
36031961000,0,0,21727.78,18.51,39432.5,4276.27680312,2
36031961100,0,0,47205.97,40.22,30360.8571429,6300.80011807,7
36031961200,0,1,349035.45,297.35,88263.3636364,4181.56511932,11
36031961300,0,0,124303.79,105.9,24739.1033333,3947.04753618,15
36031961400,0,0,168785.29,143.79,57979.8316667,5207.26434515,12
36033940000,0,0,84798.2,72.24,169000.0,2339.42414175,1
36033950100,0,0,139041.35,118.46,50708.087,4463.9380567,10
36033950200,0,0,18476.24,15.74,32462.5,4240.07457386,2
36033950300,0,0,153167.36,130.49,36494.626,4644.4826569,15
36033950400,0,0,327448.54,278.96,45096.4558333,3998.20806545,24
36033950600,0,0,6103.97,5.2,18735.6,3603.0,1
36033950700,0,0,4812.74,4.1,24050.0,5865.85365854,1
36033950800,1,0,190403.9,162.21,24377.7780769,4246.70889265,26
36033951000,0,0,317455.62,270.45,27168.652619,4341.65967671,42
36033951100,0,0,30871.99,26.3,47687.1166667,5271.62563667,3
36035970100,0,0,289017.0,246.24,40114.4141379,5488.88872586,29
36035970200,0,0,452039.92,385.1,59288.7391667,4543.22243957,24
36035970500,2,0,760466.36,647.89,42347.4887931,4577.35877116,58
36035970600,2,0,3889143.25,3313.35,65764.0133175,4887.41551178,211
36035971400,0,0,333499.71,284.13,46612.75,5006.72980002,32
36035971500,3,0,660948.21,563.11,41772.0992063,4744.69085224,63
36037950100,0,0,283723.02,241.71,41433.1315789,3557.08314994,19
36037950200,0,0,528728.04,450.45,58159.1341667,3824.20057753,24
36037950300,0,0,258886.9,220.56,30452.3096154,3577.77771395,26
36037950400,0,0,609955.45,519.63,87895.9557692,4594.27496324,26
36037951100,0,0,109785.73,93.53,37562.5477778,3695.7631321,9
36037951200,0,0,187177.03,159.46,45569.1978571,3721.49636494,14
36037951300,0,0,115664.33,98.54,30282.2664286,4522.6619273,14
36037951400,0,0,144345.95,122.98,34840.7142857,4220.23030542,14
36039080100,1,0,553497.28,471.54,44590.6642857,4715.43312618,49
36039080201,0,0,698299.83,594.91,43850.6395161,4861.73368079,62
36039080202,0,0,283773.44,241.76,40471.1503448,4879.99777616,29
36039080300,0,0,124691.16,106.24,33300.736875,5269.69648965,16
36039080401,1,0,144570.13,123.17,36557.5723529,5048.96288609,17
36039080402,0,0,388640.8,331.1,44087.8227907,5898.3560873,43
36039080501,0,0,399639.69,340.47,45422.2951351,4887.01706855,37
36039080502,1,0,518012.08,441.32,40343.2686,4734.35003345,50
36039080600,2,0,268190.77,228.49,42954.4824,4845.34053877,25
36039080800,0,0,1105092.91,941.46,81795.5877551,4762.0991828,49
36039080900,0,0,397443.46,338.61,36360.2818605,4661.54218185,43
36039081101,0,0,190453.19,162.28,38636.3385,5054.9050202,20
36039081102,1,0,867520.54,739.09,41574.3648913,5234.01147222,92
36041950100,0,0,52499.99,44.73,35455.4,4240.19212562,5
36041950300,0,0,86693.94,73.87,34149.3045455,4717.63903396,11
36041950400,0,0,7506.71,6.4,12431.25,3687.58252427,2
36041950500,0,0,77590.82,66.1,53628.8333333,4847.83608939,6
36043010100,0,0,93378.96,79.55,41854.005,4631.01716453,8
36043010202,0,0,746086.84,635.61,120255.290526,4191.78466327,19
36043010502,1,0,441375.57,376.01,90167.0285714,4120.9636744,14
36043010900,0,0,71117.09,60.59,44834.7066667,4537.26868641,6
36043011002,0,0,499286.99,425.37,42296.1559574,4592.22454604,47
36043011200,0,0,388271.04,330.79,50081.519,4659.29940493,30
36043011400,0,0,231045.75,196.83,59070.9113333,4799.63854782,15
36043011501,0,0,19790.94,16.86,29543.5,3515.07575758,2
36043011502,0,0,68657.91,58.49,73705.572,5350.30840643,5
36045060100,0,0,193525.13,164.87,38515.49875,4054.87808903,16
36045060200,0,0,518387.71,441.63,60176.8590909,4719.96452459,33
36045060300,0,0,410816.98,349.98,37625.7517241,3964.79021458,29
36045060400,0,0,336342.73,286.54,42765.2,3900.30807014,25
36045060500,1,0,185486.68,158.02,92241.8857143,4652.13171784,7
36045060600,0,0,215918.48,183.94,65672.802,4013.2121714,10
36045060700,0,0,205119.16,174.75,39168.1311111,4366.05755845,18
36045060900,1,0,163950.24,139.67,34425.8893333,3970.96428932,15
36045061100,0,0,46190.61,39.35,37739.75,4029.63084965,4
36045061600,0,0,25636.67,21.85,25932.6733333,3972.1958573,3
36045061700,0,0,134627.71,114.7,30235.0769231,3532.40016389,13
36045061800,0,0,257886.79,219.7,56710.6092308,3457.09573745,13
36045062100,2,0,1976231.26,1683.59,190701.592727,4388.68453053,33
36045062400,0,0,42375.63,36.1,35636.3575,3951.42525486,4
36045062500,0,0,116873.37,99.57,43421.935,4472.74912999,10
36047000900,0,0,6409.17,5.46,23690.94,4339.0,1
36047001300,0,0,1860450.65,1585.05,67754.80088,6197.01876541,125
36047005900,0,0,353641.61,301.3,55585.99,7103.68398259,35
36047006000,0,0,249614.73,212.67,34618.1614815,4423.25873368,27
36047007400,0,0,184602.78,157.27,37792.9590909,5926.95950665,22
36047010100,0,0,1024552.22,872.84,178985.082609,6321.33714954,23
36047012901,0,0,351192.98,299.19,43797.5731707,6925.50617291,41
36047014800,0,0,142207.18,121.17,24320.0242308,5263.02163645,26
36047015100,0,1,801767.99,683.1,33759.8186667,6594.77007257,120
36047019100,0,0,84515.32,72.01,66294.899,8454.36452971,10
36047020300,0,0,572131.94,487.42,54773.9193878,6632.51949469,49
36047021800,0,0,125760.52,107.14,83683.26,5607.89327419,7
36047024900,0,0,269472.59,229.58,34561.5823077,6201.42055741,39
36047025400,0,0,136901.44,116.63,27333.7957895,4734.60276396,19
36047029200,1,0,177288.6,151.06,30065.1834615,5380.87194762,26
36047030100,0,0,172018.04,146.56,42150.0515789,5918.83721206,19
36047032300,0,0,261753.39,223.01,28732.3891304,6111.86169238,46
36047032600,0,0,272481.14,232.13,33634.8832143,4620.45114212,28
36047033900,0,0,220049.23,187.47,41129.3119231,5641.3908728,26
36047038700,0,0,165752.07,141.22,32711.2440909,5664.26860911,22
36047040000,0,0,376822.58,321.04,46999.3218421,5009.14699424,38
36047044500,0,0,267734.13,228.08,90181.0957143,6516.05341471,14
36047045600,0,0,509835.08,434.36,58276.3051429,4919.30279171,35
36047049100,0,0,151897.24,129.41,69536.816,5630.55064563,10
36047049400,0,0,562295.21,479.04,41014.3703125,6084.11105879,64
36047051300,0,0,394014.65,335.67,80415.7305,6196.04285511,20
36047054900,0,0,64842.92,55.24,247260.01,7735.26353434,2
36047057300,0,0,954702.88,813.34,238198.303684,6202.86171229,19
36047057400,0,0,930713.07,792.98,36380.8390099,4779.31431543,101
36047060800,0,0,322047.73,274.39,33125.0336111,4605.38544446,36
36047068800,0,0,1622026.24,1381.95,30083.7569953,4613.18002693,213
36047074200,0,0,690478.5,588.32,30499.8901163,4638.94080571,86
36047079200,0,0,133425.71,113.67,40180.324,5727.69371459,15
36047086000,0,0,618497.47,526.98,26340.8351724,4410.42372224,87
36047089800,0,0,989970.75,843.58,24947.5463226,4774.67465288,155
36047096600,0,0,989846.51,843.37,21557.1909412,4386.79619116,170
36047107000,0,0,606732.08,516.9,94978.5281818,4364.21986404,22
36047115800,0,0,1812579.1,1544.24,47665.8288636,4835.63000029,132
36047119600,1,1,1259773.3,1073.28,55023.7767391,4567.68513579,92
36049950100,1,0,64314.7,54.79,38500.3,4269.87026001,6
36049950200,0,0,26200.11,22.33,25407.4666667,3480.08141045,3
36049950300,1,0,699467.79,595.88,124392.631765,3949.91717813,17
36049950400,0,0,100275.28,85.43,139209.0,3378.43019486,2
36049950600,0,0,24321.96,20.72,37124.0,3566.74148896,2
36049950700,0,0,132878.7,113.2,60458.72,4466.35764621,8
36051030100,0,0,65752.65,56.03,31961.2857143,4004.5027384,7
36051030201,0,0,162488.82,138.43,40103.8690909,3656.6366135,11
36051030202,0,0,442007.12,376.57,35053.5090909,4537.57625494,44
36051030600,0,0,143643.96,122.38,31795.232,4248.29053667,15
36051030700,0,0,180935.72,154.14,31597.7378947,4286.12111795,19
36051030800,0,0,144152.25,122.8,32610.6192857,4039.39197721,14
36051031100,0,0,179475.45,152.89,34257.0323529,4608.72785264,17
36051031200,0,0,96900.49,82.55,31321.8618182,4894.33708925,11
36051031300,0,0,331959.59,282.82,48811.0084615,4549.92099924,26
36053030502,0,0,707243.32,602.52,35303.0260294,4057.54256371,68
36053030700,0,0,288724.73,245.98,42111.4947826,4042.02821295,23
36053030800,0,0,229685.27,195.68,34132.2404167,4552.14576247,24
36053030900,0,0,609782.87,519.48,117192.955556,4809.17165163,18
36053031000,0,0,31901.45,27.18,43877.345,6695.72275837,4
36053031100,0,0,18687.53,15.92,19166.6666667,4234.13978495,3
36053940103,0,0,246617.91,210.11,34509.4904167,4353.32866286,24
36053940200,0,0,8357.74,7.12,20418.0,5517.03525641,2
36053940300,1,0,456358.49,388.79,40966.0065,4316.11604053,40
36053940401,1,0,245215.19,208.92,36173.7104762,3752.44764472,21
36053940403,0,0,444323.06,378.54,50106.418,3903.72190005,30
36053940600,0,0,143203.79,122.01,35869.9692308,4137.17026324,13
36055002200,0,0,22152.71,18.87,27253.88,4288.54698081,3
36055002900,0,0,325793.43,277.55,53252.2310526,4172.14445133,19
36055003500,0,0,424143.61,361.37,44967.9870732,4332.59506173,41
36055004800,0,0,30860.25,26.3,19454.378,3596.49846048,5
36055005400,4,0,167420.11,142.65,18922.8365517,3917.1100034,29
36055006700,0,0,16422.02,13.99,16672.6666667,3714.9792039,3
36055007500,0,0,8334.27,7.1,21514.19,5633.14047619,2
36055009301,0,0,42504.75,36.21,43361.2766667,3594.20575206,3
36055009400,0,0,378897.94,322.81,68304.0745,4442.47857939,20
36055009500,0,0,254981.52,217.22,178668.52,4048.42624228,4
36055010500,1,0,266780.95,227.27,35614.2821053,3762.34993622,19
36055010800,1,0,85972.04,73.25,20027.2028571,4117.80968463,14
36055011205,0,1,1440105.69,1226.9,44565.0586458,3887.07683229,96
36055011504,0,0,130327.94,111.03,26318.2466667,4722.51953986,18
36055011604,0,0,183900.8,156.69,39006.1861111,4927.80609189,18
36055011707,0,0,107520.23,91.6,33143.0783333,4533.3005222,12
36055012100,0,0,15849.19,13.5,33142.5,4895.58823529,2
36055012304,0,0,543095.87,462.7,30778.0480702,3965.43886151,57
36055012402,0,0,519959.44,442.99,34866.7198,4255.83513943,50
36055012600,0,0,355114.76,302.52,45185.6905556,3712.38351904,18
36055013002,0,0,412253.75,351.22,26794.3560377,4247.98020043,53
36055013104,0,0,790015.44,673.03,76180.0473333,4276.87309574,30
36055013203,0,0,251079.68,213.91,33740.8817391,3854.91181104,23
36055013206,0,0,204236.43,174.01,35421.8965,4364.19887091,20
36055013300,0,0,185396.28,157.95,66436.0263636,4190.93311277,11
36055013505,0,0,154958.61,132.03,29974.5226667,3590.36110947,15
36055013601,0,0,41313.3,35.2,29054.2333333,4795.48540671,6
36055013603,1,0,119574.38,101.87,20527.9011111,4154.93304641,18
36055013902,0,0,39411.68,33.58,19050.8333333,3760.53397357,6
36055014202,0,0,458496.05,390.63,52453.513871,4005.80244843,31
36055014301,0,0,92194.54,78.56,23168.4415385,4202.14390582,13
36055014601,0,0,93279.19,79.47,29051.347,3839.08950421,10
36055014700,0,0,303124.22,258.23,49843.4977778,3968.28732861,18
36055014804,0,0,253908.63,216.33,27790.5227586,4071.74297406,29
36055014901,0,0,178616.18,152.18,27023.3718182,4494.08755357,22
36055014903,0,0,4437.12,3.78,26469.23,7002.44179894,1
36055015000,0,0,256002.74,218.1,39374.9170833,4143.92549168,24
36055015102,0,0,243558.92,207.49,41377.65,3581.54674407,17
36055015304,1,0,506763.15,431.73,38635.0156818,4304.75988097,44
36057070900,1,0,5794550.85,4936.61,70688.062254,4824.56139855,315
36057072100,0,0,162887.89,138.78,51381.2857143,5279.92683317,14
36057072200,0,0,339633.02,289.36,43443.319697,4918.79342828,33
36057072300,0,0,66081.32,56.31,27515.69625,3943.60201512,8
36057072500,3,0,603387.77,514.07,37133.9755932,4452.44657511,59
36057072600,1,0,316612.83,269.76,30559.6068293,4821.18326946,41
36057072700,0,0,534962.3,455.75,48426.7293478,4992.58642724,46
36057072800,0,0,9085.52,7.74,15368.04,4253.0,2
36059300100,0,0,140349.01,119.56,50712.6933333,6250.2646312,15
36059300400,0,0,250245.08,213.2,37073.29,4607.30261885,25
36059300700,0,0,266438.21,226.98,66123.2,5867.63436995,19
36059300900,0,0,235397.19,200.54,41283.0245161,10505.690529,31
36059301200,0,0,2913813.68,2482.32,75870.7307273,5242.93486623,110
36059301900,0,0,414204.69,352.88,51608.9057143,5281.17068608,35
36059302000,0,0,369038.84,314.4,41400.0675676,5163.94609131,37
36059302101,0,0,63415.53,54.02,42077.12,4306.8472061,6
36059302102,0,0,435567.41,371.08,40556.1375,4990.53912543,44
36059302300,0,0,487311.46,415.15,44694.9210811,4963.81583476,37
36059302502,0,0,531242.39,452.6,37783.1409091,4478.16384167,44
36059302900,0,0,3629719.8,3092.46,41152.1418671,4599.2238076,316
36059303302,0,0,196174.52,167.14,28610.4942857,5023.04801337,28
36059303600,0,0,1311972.74,1117.77,45698.3607207,5010.37751331,111
36059303800,0,0,175909.33,149.88,37767.9536364,5475.0380017,22
36059304204,0,0,2389434.65,2035.67,40819.2004741,4835.26404222,232
36059404400,0,0,931659.19,793.78,36185.9824176,5560.85286855,91
36059405000,0,0,2593850.64,2209.96,30378.7638906,4806.9158642,329
36059405500,0,0,1896088.5,1615.45,49238.9324324,5771.17947738,185
36059406002,0,0,1473324.13,1255.25,35744.2879375,4838.69945805,160
36059406400,0,0,509188.3,433.8,48266.6747917,5455.16652812,48
36059407201,0,0,699350.37,595.83,39403.613662,4621.33976259,71
36059407301,0,0,86512.0,73.71,21994.6854545,3402.91116377,11
36059407401,0,0,1373923.34,1170.58,34649.9360784,4772.94036915,153
36059408200,0,0,4499658.51,3833.55,41852.4152083,4730.00359539,432
36059408900,0,0,4247350.91,3618.78,31637.6809886,4710.52714523,526
36059410100,0,0,356719.4,303.91,37235.8543182,5378.53556132,44
36059410500,0,0,2116464.08,1803.29,30675.0801423,4882.02522549,281
36059410900,0,0,1545549.4,1316.76,37740.1518954,4592.10324745,153
36059411000,0,0,366189.93,311.99,44337.0933333,4698.98119063,30
36059411200,0,0,232275.95,197.88,40895.0381818,4543.58255924,22
36059411400,0,0,709129.65,604.17,42088.0701493,4744.22768466,67
36059411500,0,0,512410.52,436.56,51798.1294444,5224.6175717,36
36059411600,0,0,286769.09,244.32,44611.3111111,4924.10583555,27
36059411800,0,0,1054978.12,898.81,36471.1300893,4918.2976097,112
36059412200,0,0,930411.42,792.69,41457.139011,4908.95799631,91
36059412500,0,0,99412.49,84.71,32484.6307692,4979.62588795,13
36059413200,1,0,2489539.76,2121.1,34143.301875,4508.36614038,272
36059413600,0,0,2074070.78,1767.11,33678.9972541,4853.43719885,244
36059413900,0,0,681050.16,580.28,31110.0215116,4625.63527543,86
36059414304,0,0,77779.81,66.27,61887.2125,4288.8285583,4
36059414800,1,0,3952419.11,3367.39,38573.1038776,5068.54334546,392
36059415000,0,0,2722588.08,2319.57,40671.8663602,5015.30845757,261
36059415600,0,0,3497306.41,2979.63,36498.5973458,4695.21616112,373
36059416202,0,0,1228248.61,1046.39,38158.85776,5065.26545513,125
36059416300,0,0,401524.88,342.08,46476.3486111,5447.00358436,36
36059416600,0,0,3657330.88,3115.89,37963.6504,5557.56056356,400
36059416900,0,0,459189.78,391.21,63667.1151429,5947.53373477,35
36059517301,0,0,1069013.72,910.76,42001.0827273,5111.17210433,99
36059517400,0,0,154950.42,132.03,35220.4694737,5173.29430387,19
36059517500,0,0,39824.87,33.93,38696.89,4668.71800766,4
36059517701,0,0,841368.61,716.78,58504.8303636,5143.50222246,55
36059517801,0,0,257136.7,219.09,44832.7831818,4855.05004538,22
36059517901,0,0,539440.52,459.61,34860.3383333,5160.23904675,66
36059518000,0,0,487594.35,415.41,46937.9353659,5201.53543069,41
36059518100,0,0,104032.74,88.64,37940.2916667,5225.9386645,12
36059518204,0,0,498299.8,424.55,63274.6193548,5176.49553906,31
36059518300,0,0,1481312.13,1262.05,37484.3752201,4889.08548482,159
36059518400,0,0,116835.8,99.56,28771.5738462,3906.15576353,13
36059518501,0,0,668380.96,569.45,38121.6694286,4841.29413942,70
36059519200,0,0,3528408.03,3006.09,39965.6210704,4980.62209558,355
36059519300,0,0,9279.21,7.91,36758.25,4647.06068268,1
36059519704,0,0,3636004.61,3097.71,49153.8894982,4669.45820404,279
36059520001,0,0,2134157.32,1818.25,37337.5818421,4799.93231936,228
36059520100,0,0,504049.25,429.41,58473.974359,5263.63443526,39
36059520402,0,0,4609607.43,3927.14,52129.5280892,4714.02765125,314
36059521000,0,0,4814326.33,4101.65,37858.6427843,5061.34030845,510
36059521602,1,0,1822201.12,1552.44,38439.6043085,4704.83041657,188
36059522700,0,0,2210691.69,1883.46,37077.1073077,4762.89130474,234
36061001401,0,0,94490.6,80.5,78195.0,7158.18128927,7
36061002100,0,0,7136.95,6.08,29731.21,4890.00164474,1
36061002800,0,0,27406.82,23.35,36021.114,8598.65146497,5
36061003100,0,0,12994.41,11.07,274400.0,24787.7145438,1
36061003300,0,0,7224.99,6.16,38375.11,14531.6052257,2
36061004900,0,0,56400.66,48.05,365434.04,7605.28699272,1
36061007000,0,0,70195.64,59.8,172532.666667,8227.07494632,3
36061007500,0,0,45175.23,38.49,86641.7525,9849.13265168,4
36061008100,0,0,15576.86,13.27,38647.6,8860.29129129,3
36061009000,0,0,56400.66,48.05,336386.78,7000.76545265,1
36061009700,0,0,111316.41,94.84,75003.056,8149.81071832,10
36061011100,0,0,11543.54,9.83,47682.5,9851.20295529,2
36061012100,0,0,23582.45,20.09,134999.8,6719.75111996,1
36061012600,0,0,12780.77,10.89,35350.0,6366.52892562,2
36061013300,0,0,22373.39,19.06,500000.0,26232.9485834,1
36061013800,0,0,25824.48,22.0,187830.0,8537.72727273,1
36061015300,0,0,11832.31,10.08,17030.37,1689.52083333,1
36061015400,0,0,2817.22,2.4,39000.0,16250.0,1
36061017000,0,0,126557.57,107.82,49744.1466667,6110.65454217,12
36061017700,0,0,42035.21,35.81,82191.25,8884.90659238,4
36061018900,0,0,97614.18,83.16,98292.424,6486.86036869,5
36061019200,0,0,139868.91,119.16,105935.3125,5244.52222472,4
36061020901,0,0,57158.96,48.69,36341.7111111,7783.41020613,9
36061021000,0,0,247586.33,210.92,164295.596,4926.21749202,5
36061021800,0,0,59496.08,50.69,76102.188,7472.98516899,5
36061022900,0,0,48758.96,41.54,31781.7455556,6454.14145064,9
36061023000,0,0,51273.34,43.68,59601.6666667,7742.47303622,6
36061023600,0,0,25918.39,22.08,298247.0,13507.5634058,1
36061024500,0,0,516313.52,439.85,242689.181818,6743.65519929,11
36061026500,0,0,73141.97,62.31,85733.8933333,4127.77596293,3
36061028300,0,0,255556.7,217.71,166046.571429,4925.90452892,7
36061030300,0,0,130542.75,111.21,264751.325,4876.20044723,2
36061031703,0,0,77555.61,66.07,351675.0,11128.3735144,2
36061031704,0,0,76654.1,65.31,1030394.5,28643.3527937,2
36063020900,0,0,117180.94,99.83,52178.6,4905.34156035,11
36063022601,0,0,246373.77,209.9,69878.6735714,4360.22238578,14
36063022602,0,0,399741.82,340.58,37879.0,4033.83216403,39
36063022803,1,0,1783376.41,1519.32,73560.9783784,3691.78912958,74
36063023600,0,0,4930.13,4.2,12270.0,2921.42857143,1
36063023901,1,0,1537304.31,1309.69,68846.1032609,4385.02030175,92
36063024001,1,0,428266.14,364.86,39728.1079412,3908.48755799,34
36063024102,0,0,250192.26,213.14,37325.5045455,4004.56811933,22
36063024202,1,0,712326.03,606.84,79131.7940909,3788.22143659,22
36063024302,0,0,125208.83,106.68,32392.8961538,4209.35673991,13
36063024303,0,0,173041.62,147.42,37039.2346154,3313.17043754,13
36063024404,0,0,199447.16,169.91,50935.3029412,4910.50944471,17
36063024502,1,0,601209.14,512.21,40501.6202041,4154.33680454,49
36065021303,2,0,391598.84,333.66,26133.70625,4453.18296668,56
36065023000,0,0,130660.13,111.31,70175.8716667,4007.34161055,6
36065023300,0,0,59349.35,50.56,29732.3857143,4158.57142857,7
36065023400,0,0,36877.36,31.42,25700.4285714,5884.54248,7
36065023502,0,0,240431.79,204.84,33782.0784615,4304.36288271,26
36065023901,1,0,543939.84,463.42,36123.7568966,4508.59438662,58
36065024000,0,0,274432.06,233.8,42521.3870833,4811.76939368,24
36065024101,0,0,9390.72,8.0,26636.0,3329.5,1
36065024102,0,0,115158.4,98.1,29680.539375,5273.48027586,16
36065024200,2,0,160610.66,136.83,38128.3333333,3216.77222393,12
36065024302,0,0,74984.9,63.88,32765.0,3569.51214218,7
36065024303,0,0,7019.56,5.98,26431.6,4420.0,1
36065024400,0,0,146953.04,125.19,40207.8433333,4447.53650012,12
36065024500,0,0,332766.01,283.49,36459.5228125,4187.01818442,32
36065025002,0,0,590977.95,503.51,44220.5317647,4613.57318672,51
36065025003,0,0,8381.22,7.14,37100.0,5196.07843137,1
36065025100,1,0,380359.4,324.05,39142.1631429,4102.61332653,35
36065025400,0,0,16069.87,13.69,22580.0,3489.96388029,2
36065025500,0,0,139968.68,119.24,36892.4090909,3683.06324972,11
36065025600,0,0,110317.48,93.99,31063.3333333,3912.48205991,12
36065025700,0,0,65488.53,55.8,48155.09,4428.58358475,6
36065025800,0,0,12959.2,11.04,32838.12,8085.6287037,2
36065026100,0,0,146460.03,124.79,53575.4425,4107.03934065,12
36065026200,0,0,214384.27,182.65,52113.999375,4331.56540158,16
36065026300,0,0,1485154.14,1265.25,67202.3661644,4128.5452572,73
36065026700,1,0,427782.52,364.44,45770.2725806,3928.34605989,31
36065940100,0,0,273581.01,233.07,36564.6918182,3538.24909244,22
36065940200,1,0,248889.29,212.03,45405.665,4132.09100636,20
36067000400,1,0,80719.11,68.77,26662.0875,3267.34060035,8
36067001000,0,0,336780.56,286.91,79594.2,3701.42175463,10
36067001600,0,0,45730.46,38.96,62479.25,7139.58813967,4
36067002101,0,0,178030.44,151.67,125041.4,5194.2138431,7
36067003200,0,0,468342.23,399.02,84423.4156,5025.66140712,25
36067004400,0,0,423733.96,361.01,59078.814,4340.57425885,30
36067004600,1,0,285550.67,243.29,24380.2742105,3946.15770729,38
36067005700,0,0,17255.45,14.7,20160.4,4018.8988349,3
36067006101,0,0,75430.96,64.26,37484.1428571,4074.08088849,7
36067010200,1,0,232928.6,198.44,43890.149375,4139.58075696,16
36067010301,0,0,367558.63,313.15,36284.867,3774.90326533,30
36067010800,0,0,430857.98,367.06,73633.2957895,4198.65004041,19
36067011101,0,0,1255599.11,1069.67,99544.33,3708.06585622,35
36067011241,0,0,641867.49,546.85,43528.8617021,3954.94953667,47
36067011600,1,0,776781.55,661.79,43699.4156452,4051.20589091,62
36067011900,0,0,601832.45,512.72,73753.0933333,4600.62331116,27
36067012000,0,0,158373.32,134.92,35176.6727778,5236.49139587,18
36067012100,0,0,75677.47,64.47,107869.066667,5105.14169619,3
36067012400,0,0,295144.44,251.46,43653.1348,4597.18178967,25
36067013100,0,0,110024.03,93.74,37592.445,3785.52721859,10
36067013500,1,0,474454.38,404.21,63003.7466667,4092.22100395,24
36067013900,0,0,176639.44,150.48,515700.0,3427.03349282,1
36067014500,0,0,385571.21,328.48,43998.8051724,3889.10315252,29
36067014600,1,0,311747.26,265.6,42892.1453846,4114.22473927,26
36067015000,0,0,244264.38,208.1,45850.205,4132.19661886,18
36067015400,0,0,30443.55,25.94,26077.0625,4498.24344653,4
36067015700,0,0,800311.18,681.83,46825.0257377,4123.9211305,61
36067015800,1,0,1171643.78,998.19,39494.8907,4022.59219005,100
36067016001,0,0,345118.35,294.06,32906.3227778,4402.2855115,36
36067016501,0,0,244627.08,208.41,32691.0753846,4158.7544036,26
36067016600,0,0,46648.41,39.74,39846.75,4000.12411348,4
36067016700,0,0,614748.24,523.73,49684.89225,4164.00227754,40
36067016802,0,0,151161.26,128.79,30558.9742857,3523.04802281,14
36067016901,0,0,1313661.96,1119.13,75617.1841667,4036.54609514,48
36067016902,0,0,230867.32,196.69,46998.308125,3832.30520824,16
36067940000,0,0,173211.83,147.56,127898.37,5268.91951053,5
36069050101,0,0,965592.58,822.6,64080.6582979,4887.49535571,47
36069050201,0,0,414520.47,353.13,117327.208182,3979.07875624,11
36069050301,1,0,613930.05,523.01,74250.2444444,3360.58952881,18
36069050302,1,0,312041.89,265.83,87331.423,3689.19886271,10
36069050400,1,0,201771.36,171.89,39800.0425,4320.83658745,16
36069050500,1,0,508501.63,433.2,41002.936,3803.71613756,35
36069050601,1,0,1290593.62,1099.51,52160.0054762,4348.41191645,84
36069051300,0,0,73318.05,62.46,39198.935,3377.60047349,4
36069051500,0,1,2707898.55,2306.89,74165.692967,3568.3937989,91
36069052000,0,0,265878.27,226.51,34666.5392593,4622.26383852,27
36069052200,2,0,396135.83,337.47,43354.9675,4602.1338243,32
36071010200,0,0,150016.75,127.8,144088.666667,3408.00270695,3
36071010300,0,0,4856091.57,4137.29,40202.0308315,4561.2721056,457
36071010801,0,0,276176.37,235.31,26993.4938462,4541.22931067,39
36071010802,0,0,3008766.76,2563.4,45809.5782031,4788.1779488,256
36071010902,0,0,133329.45,113.59,49333.5481818,4784.97849778,11
36071011000,0,0,201804.23,171.93,41547.4305263,4725.85052343,19
36071011102,0,0,1708174.28,1455.39,35504.1090055,4473.19577635,181
36071011400,0,0,5125073.43,4366.53,38040.8418164,4538.54134716,512
36071011500,0,0,434780.95,370.41,43403.63,4819.24980738,40
36071011601,0,0,125988.26,107.35,28999.1525,4310.75589335,16
36071011602,0,0,454717.46,387.42,41674.1610526,4382.84978991,38
36071011701,1,0,1182124.99,1007.17,35626.27688,4469.67622852,125
36071011702,0,0,1260059.72,1073.51,43317.189292,4507.69388997,113
36071011801,0,0,521221.35,444.07,44192.2552083,4941.28331348,48
36071011802,0,0,1418624.36,1208.58,63902.9833784,4627.86526761,74
36071011900,0,0,3455467.99,2943.83,62448.1798446,4451.43607475,193
36071012300,0,0,867902.09,739.43,45332.6562857,4481.24416864,70
36071012601,0,0,3977708.19,3388.89,43046.7138592,4561.883913,355
36071012900,0,0,226621.57,193.09,35483.2604348,4336.79061358,23
36071013100,0,0,526537.66,448.59,41309.5543137,4896.59381915,51
36071013201,0,0,345409.47,294.27,41166.0915152,4615.07014481,33
36071013202,0,0,2064673.08,1759.05,38257.6916746,4463.17155863,209
36071013300,0,0,585053.64,498.46,51059.0163043,4718.49917088,46
36071013600,0,0,207394.04,176.71,45860.405,4848.39774336,22
36071013800,0,0,97299.59,82.9,38957.2090909,5157.44592568,11
36071013900,0,0,1791644.89,1526.45,39885.5142038,4486.77028126,157
36071014101,0,0,190891.01,162.64,37043.8342105,4416.74163502,19
36071014102,0,0,304890.84,259.75,34607.0530556,4855.74942546,36
36071014202,0,0,4225873.16,3600.37,37777.8041855,4682.2316055,442
36071014302,0,0,2810894.85,2394.86,41774.9970611,4663.81230733,262
36071014400,0,0,786039.65,669.69,44902.4364706,4743.64796346,68
36071014501,0,0,273163.11,232.73,45335.2166667,4834.46572169,24
36071014502,0,0,3347744.77,2852.17,43314.8377597,4758.14202863,308
36071014800,0,0,335688.88,285.99,39916.375,4741.5793412,34
36071014900,0,0,211040.02,179.8,59771.205,4571.35272482,16
36071015200,0,0,501267.26,427.07,38027.99,4585.97838503,50
36073040500,2,0,385541.88,328.48,35361.7415625,3571.02355666,32
36073040600,0,0,597470.48,509.0,56960.4341379,3641.00955034,29
36073040801,0,0,266998.11,227.47,34257.8514815,4644.31041407,27
36073401200,0,0,163392.65,139.2,33655.1046667,3680.12437292,15
36073401300,0,0,272371.96,232.06,28652.4913793,3912.66406929,29
36075020100,0,0,54718.55,46.62,29065.14,3829.27911717,6
36075020200,0,0,62283.95,53.06,32270.0933333,3683.94998884,6
36075020301,1,0,235818.58,200.91,53610.3194118,4043.53108781,17
36075020400,1,0,232301.74,197.91,55513.7341176,4453.37604656,17
36075020500,0,0,226586.33,193.04,43634.9844444,4105.79754821,18
36075020600,0,0,73095.03,62.28,35649.5033333,3492.98043221,6
36075020701,0,0,122143.92,104.06,35528.6745455,3944.7086299,11
36075020703,1,0,485443.87,413.58,35689.3046512,3742.32672679,43
36075020902,1,0,483284.03,411.74,39929.8065854,4341.10057779,41
36075021000,1,0,724124.29,616.93,51888.5433333,3939.01183947,54
36075021300,0,0,110798.76,94.41,27669.74,4392.87519312,14
36075021402,0,0,18487.98,15.75,39500.0,2507.93650794,1
36075021502,0,0,1582106.26,1347.87,59119.2414286,4128.0755905,98
36077590100,0,0,481381.22,410.1,34481.4030233,4381.54993622,43
36077590201,0,0,59243.7,50.47,27969.515,4468.91446687,8
36077590202,0,0,102405.8,87.24,37409.174,5115.10226805,10
36077590300,0,0,119719.93,102.0,40216.0181818,4468.36538631,11
36077590400,0,0,101490.2,86.46,52436.956,6368.76100659,10
36077590600,0,0,11292.34,9.62,44733.0,4650.0,1
36077590700,0,0,411926.29,350.95,37255.6577273,4671.09716035,44
36077590800,0,0,531180.25,452.52,32104.9654386,4637.1718024,57
36077591400,0,0,120041.57,102.27,29156.9017647,5136.25962963,17
36077591500,1,0,50662.93,43.16,26930.7233333,6113.78354457,9
36077591600,0,0,106571.77,90.79,33240.3333333,4626.16411665,12
36079010200,0,0,404761.16,344.85,58399.8367742,5161.71888986,31
36079010500,0,0,905722.01,771.66,36064.4616327,4672.78452273,98
36079010600,0,0,798828.68,680.55,51544.6782759,5157.67742311,58
36079010800,0,0,468100.4,398.8,42886.1875556,4926.10950308,45
36079010900,0,0,399165.48,340.07,36163.2131111,4698.78085719,45
36079011400,1,0,1364759.23,1162.72,44691.4032773,4764.41485313,119
36079011900,0,0,937480.29,798.69,54954.8659701,4924.28508297,67
36081001000,1,0,211684.43,180.37,21125.5481579,4569.0628023,38
36081001900,0,0,1148004.97,977.99,201064.931786,6558.19681619,28
36081003800,2,0,175502.01,149.51,39138.0833333,4606.1259788,18
36081004500,0,0,389598.66,331.91,132317.79,5119.27027,11
36081005800,0,0,499109.69,425.26,27612.6289706,4654.01671531,68
36081007100,0,0,99275.16,84.57,53520.59,5176.95315348,8
36081011300,0,0,405792.97,345.72,57873.1810345,5476.3162582,29
36081012200,0,0,571937.12,487.26,66081.4404762,4886.91147983,42
36081013600,0,0,171340.73,145.97,91201.31,4584.01481224,8
36081014700,0,0,210134.96,179.01,168642.62,6488.17855641,8
36081015600,1,0,511221.4,435.59,21281.8001099,4403.77701607,91
36081018200,0,0,553114.63,471.29,21306.6653608,4393.08460784,97
36081018300,0,0,50580.76,43.09,35912.1266667,5542.48743753,6
36081021200,0,0,999038.78,851.12,45295.2475904,4540.07644428,83
36081021600,0,0,3679.99,3.14,15295.67,4871.23248408,1
36081024900,0,0,730426.65,622.26,148081.4296,6259.31290885,25
36081025800,1,0,636465.46,542.27,23615.1535294,4366.56132021,102
36081028300,0,0,480188.59,409.08,178184.456364,5296.65267564,11
36081030904,0,0,311739.04,265.58,59672.1995238,4670.60340563,21
36081033402,0,0,2114026.0,1801.26,26345.307028,4322.74225353,286
36081035700,0,0,14984.07,12.77,57575.77,4508.67423649,1
36081035800,0,0,1888038.41,1608.7,22937.1989865,4240.63457368,296
36081036100,0,0,343541.87,292.73,21408.7491935,4594.98196497,62
36081039900,0,0,634714.12,540.74,92244.0814634,6081.61531243,41
36081045800,0,0,774359.94,659.72,36712.0803797,4593.79531474,79
36081048200,0,0,696535.53,593.43,30973.9695238,4516.59799789,84
36081048500,0,0,190464.93,162.27,39381.89,4906.0125184,19
36081052600,0,0,1080838.96,920.91,20868.8119048,4299.2601373,189
36081053100,0,0,1076541.57,917.11,138801.634483,5172.11185493,29
36081055200,0,0,519568.53,442.75,21703.6969565,4382.23768212,92
36081055800,0,0,580933.39,494.98,20221.2543689,4237.42865625,103
36081058200,0,0,821904.04,700.3,23404.4705385,4221.52384582,130
36081060000,0,0,1011472.05,861.91,18517.9181771,4156.43864487,192
36081062700,0,0,885558.99,754.43,67581.5961667,5736.24902021,60
36081065600,0,0,1677615.7,1429.4,22339.0140637,4064.77644431,251
36081066100,0,0,104408.37,88.95,27328.4594118,5472.29475059,17
36081069701,0,0,613790.4,522.89,74331.2564706,5128.59093702,34
36081071100,1,0,360786.77,307.38,29437.5474468,4638.06160793,47
36081077902,0,0,376625.38,320.86,121287.806154,4511.44671973,13
36081080900,0,0,2209711.53,1882.52,62285.3109877,3785.76969101,81
36081084000,0,0,1217875.47,1037.68,22517.1871357,4380.35974401,199
36081084500,3,0,679843.51,579.21,40913.65225,4947.22562385,80
36081086300,0,0,19384.79,16.51,26671.3666667,4795.67688378,3
36081089200,0,0,2944293.53,2508.63,34420.6597872,4535.95003626,329
36081091601,0,0,201848.85,171.98,44094.4024,6690.34609747,25
36081093401,0,0,491626.5,418.85,53521.0594915,7190.43441813,59
36081094500,0,0,161883.09,137.91,57455.9978571,6528.47764387,14
36081094700,1,0,1470025.66,1252.36,122523.888209,5792.04187727,67
36081096400,0,0,301487.89,256.84,178211.177143,4771.94524181,7
36081099704,0,0,238129.87,202.9,36607.3162963,4990.75698358,27
36081099801,0,0,1229775.82,1047.68,87000.2715094,4631.76408384,53
36081099900,0,0,105352.14,89.75,272147.37,5731.89791106,2
36081102900,0,0,1247836.48,1063.19,35327.3523944,4794.86737828,142
36081107202,0,0,307055.44,261.63,28814.8056522,5101.69084266,46
36081112900,0,0,619787.52,528.03,36020.7930882,4718.63404463,68
36081116100,0,0,293026.85,249.65,42177.0286207,5355.39845012,29
36081117500,0,0,495447.33,422.17,27500.2462667,5041.68892195,75
36081124700,0,0,402694.01,343.14,30497.73,4619.71403757,56
36081126700,0,0,12395.76,10.56,37570.2,7115.56818182,2
36081136700,1,0,417303.62,355.55,27487.292381,4923.4172244,63
36081141700,0,0,1546359.23,1317.43,48653.9544,4797.43066575,125
36081148300,0,0,168157.27,143.26,36090.8405,5220.99192436,20
36081152901,0,0,483623.27,412.03,30998.5654687,4955.89271058,64
36081157102,0,0,999893.35,851.96,30093.2783471,4661.5591803,121
36081157902,0,0,743100.56,633.13,25306.2074336,4539.29322929,113
36083051701,1,0,2231080.15,1900.69,106304.946849,4819.40777902,73
36083051800,1,1,1981524.08,1688.11,78845.6020482,5075.74081643,83
36083051901,0,0,1364810.88,1162.73,94377.3718,4652.28234615,50
36083051902,0,0,331108.56,282.09,42241.3564516,4699.39266236,31
36083052003,1,0,829699.46,706.9,36127.5596875,4875.50864373,96
36083052004,1,0,9738485.36,8296.57,86916.0924615,4794.56894746,390
36083052101,1,0,245238.66,208.94,35195.717037,4904.61472264,27
36083052102,1,0,400069.31,340.85,40308.3378049,4761.05409655,41
36083052103,0,0,161373.64,137.49,53205.2307692,4943.64923562,13
36083052201,0,0,310627.38,264.64,61517.316,4832.14993927,20
36083052203,1,0,1580307.95,1346.34,53435.434569,5062.12647495,116
36083052204,0,0,270100.58,230.11,35617.3177419,4908.33337365,31
36083052304,1,0,758875.8,646.52,44347.8728169,4993.13619987,71
36083052402,0,0,1874600.2,1597.04,57007.6556522,4522.91454926,115
36083052403,2,0,3134623.54,2670.58,57869.032103,5053.45400929,233
36083052501,0,0,2653734.14,2260.86,62307.0749112,4970.10024922,169
36083052502,0,0,171040.23,145.71,50373.6142857,4829.18933808,14
36083052601,0,0,262032.78,223.25,36039.426129,5168.99581976,31
36083052602,2,0,943432.81,803.78,41727.8330208,5111.61063448,96
36083052603,0,0,312264.91,266.03,40724.3429032,4806.73528795,31
36085000300,0,0,12607.04,10.74,17973.26,3178.86021505,2
36085005000,0,0,1512546.79,1288.68,32262.04125,4630.77216192,184
36085005900,0,0,2774103.22,2363.45,42066.777027,4630.27780942,259
36085006400,0,0,2395211.1,2040.79,30210.8451592,4706.79700311,314
36085010500,0,0,1501747.42,1279.46,38154.6113836,4765.09305947,159
36085013400,0,0,5022297.91,4279.12,32024.1408052,4692.29476212,621
36085014604,0,0,3137351.49,2673.03,31907.282481,4700.14184883,395
36085017005,0,0,9515846.51,8107.48,37402.7330156,4770.20816678,1028
36085020803,0,0,6083891.83,5183.36,45347.5628864,4689.99927013,537
36085021300,0,0,960135.34,818.08,26301.3874101,4509.17330081,139
36085022800,0,0,6902.18,5.88,32450.0,5518.70748299,1
36085024401,0,0,3684866.84,3139.43,43563.0127326,4812.56186215,344
36085027301,4,0,7708112.95,6567.5,31841.5522801,4516.17181436,921
36085029103,0,0,6162.66,5.25,30090.0,5731.42857143,1
36085031901,1,0,1384513.66,1179.65,33709.6116,4353.55033606,150
36087010101,0,0,2176685.6,1854.49,32092.6457377,4257.09240727,244
36087010501,0,0,451828.62,384.95,36931.8332609,4133.75292554,46
36087010502,0,0,916285.45,780.64,36730.2963529,4139.41682058,85
36087010601,0,0,1255897.25,1070.04,27969.7102632,4022.68294633,152
36087010602,0,0,195282.37,166.4,21590.2853333,3955.57127795,30
36087010702,0,0,475414.59,405.04,24724.6359375,3928.31944065,64
36087010803,0,0,3210853.9,2735.51,40524.8443144,4532.14440152,299
36087010902,0,0,1093771.24,931.87,40229.9122115,4433.02643183,104
36087011101,0,0,1379067.13,1174.97,34649.4750314,4745.61246126,159
36087011200,0,0,592194.05,504.53,39305.11,4819.00540758,58
36087011301,0,0,2324677.45,1980.54,49288.9027746,4505.94606162,173
36087011303,0,0,22913.36,19.52,25305.0266667,3691.20431361,3
36087011602,0,0,1108904.34,944.78,36474.7957143,4692.07696515,119
36087011700,0,0,266091.92,226.7,35544.6006897,4529.82254082,29
36087011800,0,0,25648.4,21.85,21223.015,3924.75167224,4
36087012101,0,0,1242115.26,1058.25,43749.1720388,4341.99383155,103
36087012300,2,0,2825517.34,2407.23,38387.35224,4293.6256518,250
36087012700,0,0,1103113.81,939.78,46415.8142,4739.96513433,100
36087013001,0,2,890624.11,758.77,48974.1137037,4333.4177625,54
36087013002,0,0,478909.1,408.01,35046.5261818,4695.52219133,55
36087013200,0,0,613657.72,522.82,33295.2921795,5168.6006293,78
36087013300,0,0,89728.32,76.44,35323.6509091,5198.22757698,11
36087013401,0,0,551413.66,469.77,32106.7689231,4472.32830775,65
36087013402,0,0,210241.79,179.11,33034.5815385,4873.19976803,26
36089490400,0,0,7324.76,6.24,31824.0,5100.0,1
36089490500,1,0,241670.19,205.89,55927.9230769,3614.75608164,13
36089490600,0,0,167328.55,142.56,43371.5041667,3882.48925012,12
36089490700,0,0,106737.28,90.93,40038.6575,4450.01995841,8
36089490800,1,0,1186406.29,1010.72,24192.9065116,3039.99033511,129
36089491000,0,0,98309.1,83.75,32662.0388889,3634.23684623,9
36089491300,0,0,145151.19,123.66,36803.8466667,3678.91315959,12
36089491700,0,0,461342.59,393.06,35228.4691892,3566.85831028,37
36089491800,1,0,276750.4,235.78,36862.2882609,3723.73323111,23
36089492000,0,0,657403.19,560.1,27125.788,4297.38159356,80
36089492300,0,0,200943.8,171.21,33034.0328571,4497.92656503,21
36089492400,0,0,26376.18,22.47,41613.75,3420.40229885,2
36089492500,0,0,96454.43,82.18,32454.126,3935.89065255,10
36089492600,0,0,220828.64,188.14,37250.6373684,4546.72868723,19
36089492700,0,1,481509.18,410.21,109878.995556,3874.22257957,9
36089492800,0,0,100768.29,85.85,33936.2222222,3743.46046727,9
36089492900,0,0,165712.18,141.17,30660.1033333,4436.24997942,18
36091060200,2,0,868371.6,739.79,66826.2508,4551.71629252,50
36091060300,0,0,510321.07,434.76,54122.2986486,4597.54628148,37
36091060502,0,0,117266.62,99.91,44215.3263636,5265.27058551,11
36091060503,0,0,377972.92,322.02,45762.7211765,4953.89390205,34
36091060602,0,0,769455.65,655.55,42929.404507,4866.44903519,71
36091060701,1,0,1741868.22,1484.03,40309.3096591,4890.2473957,176
36091060901,0,0,727816.02,620.06,70281.648,5218.22138927,50
36091060902,0,0,38619.34,32.9,39111.5,4443.53842501,4
36091061100,1,0,5987693.34,5101.13,59825.9509322,5024.50662308,354
36091061401,0,0,102094.75,86.98,33597.4,3980.45723379,10
36091061500,0,0,597619.54,509.16,46290.0139583,4539.29455771,48
36091061701,0,0,1288200.18,1097.54,37477.2591367,4926.12257627,139
36091061702,0,0,719480.58,612.94,75405.725,4761.54781826,32
36091061800,2,0,4109368.55,3500.95,58825.9392553,4931.94558435,282
36091062000,0,0,674318.28,574.5,60935.6566667,4848.04695748,45
36091062501,0,0,528932.3,450.61,148397.722222,3382.86336811,9
36091062503,1,0,3019425.15,2572.43,51594.1061765,4817.34316354,238
36091062505,0,0,2069940.05,1763.43,80389.4354717,5049.0945788,106
36091062602,0,0,391698.67,333.71,38132.9662791,4992.29293378,43
36091062700,0,0,1140244.67,971.45,44316.7452427,5036.10626315,103
36093020101,1,0,514212.36,438.08,34257.9340323,5091.05020855,62
36093020900,1,0,398242.83,339.28,86808.4347826,5552.44637942,23
36093021001,0,0,56344.32,48.0,411578.0,8574.54166667,1
36093021800,1,0,3288816.71,2801.89,63728.334581,4905.48345993,179
36093032101,0,0,3298681.68,2810.38,46918.4386182,4922.44653745,275
36093032402,0,0,484631.57,412.87,54533.8041379,4305.93732535,29
36093032404,0,0,3911623.35,3332.49,55008.9907407,4926.66846915,270
36093032602,1,0,5927923.71,5050.3,63253.4344164,4864.46273847,317
36093033102,0,0,1753762.73,1494.14,41862.2866474,4907.23371783,173
36093033500,0,0,417681.62,355.84,257214.333333,4960.65516242,6
36095740100,1,0,1323083.22,1127.17,42639.34664,4877.82574846,125
36095740400,1,0,1859427.09,1584.1,57734.0185437,4714.05374802,103
36095740500,1,0,432254.84,368.26,38076.1497917,5292.2396476,48
36095740600,0,0,206194.39,175.67,33458.7616,5141.58485614,25
36095740700,0,0,20072.67,17.1,56207.5,6625.30193237,2
36095740800,0,0,555378.96,473.16,40701.9012069,5038.83988916,58
36097950100,0,0,549084.81,467.79,38783.9536735,4698.90170644,49
36097950200,2,0,69573.5,59.27,41184.828,3656.50736914,5
36097950300,0,0,960054.39,817.88,150702.0,3912.92355686,16
36097950400,1,0,143415.09,122.18,49408.78,4222.0919903,10
36097950500,0,0,247994.83,211.28,31207.4861538,4096.21040248,26
36099950300,0,0,434831.45,370.44,58610.4983333,4047.90567134,24
36099950500,1,0,530076.78,451.6,50996.8569697,3759.35308644,33
36099950700,0,0,4225.82,3.6,13699.0,3805.27777778,1
36099950800,0,0,184281.13,157.0,37124.1047059,4189.07576955,17
36099950900,0,0,721847.04,614.97,76531.5277778,4220.29842818,27
36099951000,0,0,373661.43,318.32,52187.6905882,5087.21331122,17
36101960100,0,0,3228.06,2.75,12951.0,4709.45454545,1
36101960200,1,0,279122.72,237.79,135495.203333,5267.20494108,6
36101960300,0,0,7776.69,6.63,27825.0,4196.83257919,1
36101960400,0,0,79621.58,67.83,36092.63,5695.6764944,8
36101960500,0,0,43903.96,37.4,34532.496,4797.04535117,5
36101960600,0,0,72977.63,62.18,32360.25,3191.98800088,6
36101961000,0,0,42835.77,36.5,43685.5,4713.93121,4
36101961100,0,0,29017.32,24.72,39862.2266667,4839.93479996,3
36101961300,0,0,11268.86,9.6,21330.735,5152.7265625,2
36101961400,0,0,238899.91,203.52,64215.1533333,3246.09442694,9
36101961700,0,0,66603.68,56.75,34928.5,3790.43275141,6
36101961800,0,0,28532.53,24.31,27153.7,4714.94429856,4
36101961900,0,0,30519.85,26.0,32621.3333333,3859.75723623,3
36101962000,0,0,5916.15,5.04,28728.0,5700.0,1
36101962100,0,0,25871.43,22.04,35683.5,3328.4020936,2
36101962300,0,0,505907.43,431.0,99694.4590909,3758.06785662,11
36101962700,0,0,7747.34,6.6,21476.0,3253.93939394,1
36101962900,0,0,391006.13,333.11,40630.6486207,4347.18581197,29
36103110102,0,0,139156.38,118.56,46596.5857143,5513.38721297,14
36103110501,0,0,399955.46,340.73,37995.8397727,5204.01745945,44
36103110803,0,0,1804670.99,1537.49,42385.5819337,5601.53427246,181
36103111001,0,0,3408736.2,2904.18,44916.9158389,4953.68805517,298
36103111503,0,0,896716.31,764.01,38235.8676404,4892.74775752,89
36103111802,0,0,2898486.86,2469.53,40054.8701045,4845.90575613,287
36103112102,0,0,6866242.13,5849.83,46264.8348474,5050.17798483,557
36103112206,0,0,1922066.75,1637.5,60697.1481481,4669.22803295,108
36103122406,0,0,1688760.14,1438.88,38257.9910753,5128.06239399,186
36103122601,0,0,5149607.87,4387.49,48683.6687406,4981.66156813,397
36103122603,0,0,2120156.93,1806.45,33840.0274717,5412.61772755,265
36103122902,0,0,5250357.42,4473.53,34928.2355607,5139.62389159,642
36103123701,0,0,3388464.03,2886.89,48561.3864822,4461.04447761,253
36103123702,0,0,1822104.83,1552.52,36046.4389947,4848.10216296,189
36103124001,1,0,5642039.61,4807.25,36858.291142,5019.34452748,648
36103124402,0,0,2922875.66,2490.3,41478.9718824,5076.08876545,255
36103124500,0,0,3967.58,3.38,18928.0,5600.0,1
36103134903,0,0,4103041.45,3495.71,42782.9185937,4941.04838059,384
36103134907,0,0,2342891.93,1996.16,40287.8436364,4937.46559097,253
36103135004,0,0,1305737.38,1112.42,46267.0692437,5350.56878539,119
36103135208,0,0,3229381.64,2751.38,43627.0797351,4766.12803232,302
36103135402,0,0,2214395.14,1886.67,44738.5855,5113.14393025,200
36103145604,0,0,5732577.94,4884.02,44989.5917537,4836.88071404,479
36103145701,1,0,5317450.61,4530.14,81723.0838537,4870.2105954,205
36103145804,0,0,1146505.97,976.8,46571.3339796,4675.24120131,98
36103146203,0,0,2375717.05,2024.16,38138.1664528,4886.6271047,265
36103146500,0,0,2411494.64,2054.5,51819.4295031,4927.00774603,161
36103146606,0,0,2147262.06,1829.37,49657.768494,4998.00269906,166
36103146613,0,0,4825258.27,4111.09,45213.9013418,4805.99932883,395
36103146800,1,0,2759927.93,2351.43,39016.4299298,5105.61026665,285
36103147004,0,0,111466.65,94.97,34951.7631579,9280.67898653,19
36103147200,0,0,7135256.81,6079.08,48825.1925045,4789.24615043,555
36103147401,0,0,1386251.07,1181.1,40667.7895105,5016.89328692,143
36103147502,0,0,2611987.71,2225.24,56073.386443,4859.34390639,149
36103147503,0,0,160578.94,136.81,44696.744375,5181.44637488,16
36103147602,0,0,1290529.16,1099.52,42353.621374,7406.76884226,131
36103147702,0,0,319406.54,272.14,37016.0164865,5606.51464744,37
36103147802,0,0,2381545.29,2029.05,41866.6235909,4880.45918723,220
36103147901,0,0,1097796.3,935.25,40549.8549541,5217.99614863,109
36103158001,0,0,2575016.41,2193.76,56182.5746409,5464.70160093,181
36103158007,0,0,1102069.1,938.91,41201.4838938,5182.35221063,113
36103158104,0,0,3837332.26,3269.4,39320.5408929,5174.57214199,392
36103158112,0,0,2513952.17,2141.87,38205.2690602,4779.08113003,266
36103158206,0,0,595132.19,507.02,39340.6572131,4924.42219555,61
36103158306,0,0,1281420.08,1091.72,45155.4312712,5039.73583879,118
36103158308,0,0,2665545.25,2271.11,41140.5491791,4967.07175085,268
36103158310,0,0,839064.31,714.86,38193.5888421,5037.24205762,95
36103158317,0,0,357720.66,304.75,38604.7664865,4900.68426041,37
36103158321,0,0,2455721.42,2092.34,37782.5537262,5024.41052134,263
36103158323,0,0,1878303.67,1600.25,62262.0777848,5623.9850483,158
36103158405,0,0,1633293.87,1391.43,57893.0568571,4992.62606564,105
36103158407,0,0,1038064.31,884.43,33757.73125,4827.61184978,120
36103158505,0,0,2274081.41,1937.45,48129.5996629,5023.01089344,178
36103158510,0,0,2894290.36,2465.82,46305.8938288,4639.04913962,222
36103158607,0,0,453530.71,386.39,94257.2084615,4483.30928398,13
36103158608,0,0,6103140.44,5199.65,52193.620155,4917.60059741,387
36103158707,0,0,790320.68,673.29,80724.1795238,5402.2295794,42
36103158710,0,0,1643951.19,1400.59,45144.9563194,4824.65329787,144
36103158712,0,0,3227576.42,2749.82,38784.5838855,4830.78032907,332
36103158802,0,0,803560.38,684.58,43670.8344828,6090.10082157,87
36103158803,1,0,3205842.74,2731.17,59020.912381,4749.76310367,168
36103159102,1,0,4223220.5,3598.09,38961.061758,4996.38124041,438
36103159103,0,0,2140129.81,1823.26,78533.8029104,5460.73084641,134
36103159204,0,0,384405.59,327.51,37431.9047619,5150.41179059,42
36103159404,1,0,1560437.13,1329.41,41422.9633333,4843.78835111,153
36103159410,0,0,2509301.35,2137.83,43023.1024561,4693.82247238,228
36103159505,1,0,2860833.51,2437.33,52792.5269585,5077.61183245,217
36103159508,0,0,982438.31,837.02,34782.4106838,5043.60100609,117
36103159601,0,0,1592999.5,1357.13,49780.9460504,5163.12443847,119
36103159602,0,0,737213.77,628.07,41606.0066216,5067.49338273,74
36103169701,0,0,1627552.61,1386.61,41937.0871154,5039.91684405,156
36103169704,0,0,2741556.12,2335.62,65007.0507752,5610.73433539,129
36103169901,0,0,3867241.67,3294.63,57740.8500437,5356.34786043,229
36103169902,0,0,1378033.02,1173.98,50571.0406364,5600.89874297,110
36103170001,0,0,1320446.75,1124.95,39319.0106757,5478.28073766,148
36103170002,0,0,1365807.48,1163.59,53169.3757798,5336.02097128,109
36103170101,0,0,267617.89,228.0,41741.8746667,6653.69566695,30
36103170201,0,0,1724737.17,1469.36,53470.2333588,5992.08195951,131
36103170202,0,0,330122.57,281.23,39398.995,6603.06259925,42
36103180300,0,0,1089051.22,927.81,39063.8024194,5585.76048936,124
36103190403,0,0,1420277.17,1209.98,39472.8918954,5515.32869308,153
36103190502,1,0,668822.37,569.79,51202.9249123,6885.99425875,57
36103190503,0,0,839408.25,715.12,51375.1696053,6187.02251759,76
36103190504,0,0,554054.82,472.0,51286.326383,5359.59265002,47
36103190601,0,0,972549.93,828.54,43004.7853271,5793.5349414,107
36103190704,0,0,3512597.74,2992.5,50188.7949852,6376.47049971,337
36103190706,0,0,2732612.68,2328.02,50704.0522747,6338.60889944,233
36103190707,0,0,983399.7,837.79,43744.0922222,7001.49320057,117
36103190800,0,0,7148.69,6.09,24981.0,4101.97044335,1
36103200902,0,0,267204.72,227.64,56351.5333333,6140.5317942,24
36103201003,0,0,3005339.12,2560.31,44457.4218845,6573.66834086,329
36103201004,0,0,1324552.87,1128.43,41071.3432051,6828.97852904,156
36105950100,0,0,371344.27,316.38,38387.3322222,4350.45533495,36
36105950200,0,0,292984.6,249.62,36473.7390909,5531.2246433,33
36105950300,0,0,58451.37,49.8,42989.7325,3470.93109212,4
36105950400,1,0,239159.36,203.75,49269.3425,6361.66954786,24
36105950500,0,0,254740.88,217.04,53896.29,4257.0985022,19
36105950600,0,0,12818.33,10.92,49574.0,4539.74358974,1
36105950800,0,0,397876.6,338.98,70430.1179167,4898.93111113,24
36105951000,0,0,26630.91,22.69,23240.37,4158.19663909,4
36105951100,0,0,21733.65,18.52,25403.6433333,4291.08962264,3
36105951200,0,0,964455.1,821.68,42377.3270787,4614.28386857,89
36105951300,0,0,220059.8,187.48,32331.0275,4336.04875205,24
36105951500,0,0,34992.17,29.81,84085.25,4712.89983165,2
36105951700,0,0,106646.88,90.86,38113.32,4317.88103419,10
36105951800,0,0,180297.14,153.62,55226.2714286,4822.90261691,14
36105951900,0,0,136529.33,116.33,94788.0385714,5678.99926884,7
36105952000,1,0,54935.71,46.82,25082.9385714,4359.84824669,7
36105952100,0,0,278810.49,237.52,78002.0933333,4943.46775647,15
36105952200,0,0,59648.68,50.82,29447.6042857,4315.83868207,7
36105952300,0,0,260101.8,221.58,44884.4371429,4106.03542513,14
36105952400,1,0,127860.51,108.95,29350.345625,4520.53609561,16
36105952500,0,0,210481.24,179.32,44239.873125,3919.55118571,16
36107020100,0,0,276779.75,235.79,32737.376129,4694.63892889,31
36107020200,0,0,194536.99,165.74,34370.8925,5580.61459599,24
36107020300,0,0,287468.74,244.92,33243.7954839,4637.56445885,31
36107020402,0,0,183148.4,156.05,29242.7159091,4157.4371055,22
36107020600,0,0,159719.7,136.06,41220.5626667,4853.81884287,15
36107020701,1,0,677891.44,577.52,39698.4798246,4437.6918455,57
36107020702,0,0,85581.16,72.91,27602.0981818,4847.17580049,11
36109000100,0,0,61415.31,52.32,146759.78,5794.53406738,2
36109000300,0,0,114367.23,97.43,144177.9,3102.39545998,2
36109000800,0,0,7285932.08,6207.14,37840.7595,4851.42849527,720
36109001400,0,0,11433.2,9.74,19445.5,4127.14285714,2
36109001600,3,0,1395230.92,1188.67,36072.4451064,4806.12121904,141
36109001800,0,0,569491.98,485.17,35055.801,4717.23587594,60
36109001900,0,0,750589.69,639.44,43894.3598246,4739.41557782,57
36109002000,0,0,655744.58,558.65,53658.017907,4277.56308709,43
36109002100,0,0,747569.38,636.87,30880.9074157,4544.67226203,89
36109002200,0,0,590950.94,503.46,35483.8510345,4355.66759367,58
36109002300,0,0,592091.93,504.43,35268.087377,4609.93446191,61
36111950100,5,0,3243002.99,2762.9,43370.6680858,4905.79049907,303
36111950300,0,0,30449.41,25.95,31875.0625,4792.8607269,4
36111950400,0,0,4437.12,3.78,11508.43,3044.55820106,1
36111950500,2,0,899291.71,766.17,42339.5373626,5331.84250704,91
36111950600,0,0,479192.01,408.26,48671.1768627,6427.36678929,51
36111950900,0,0,130871.43,111.49,41291.65,4377.35818079,10
36111951000,1,0,614293.94,523.35,40429.0803333,5475.7280788,60
36111951100,0,0,105815.82,90.15,40051.1938462,5998.97978803,13
36111951200,3,0,804871.6,685.75,39142.2692941,5062.62224608,85
36111951500,0,0,747671.53,636.99,53267.0087037,4810.32028602,54
36111952300,8,1,3611443.22,3076.78,42936.2812883,4820.60803959,326
36111952500,3,0,327618.76,279.12,49632.3871429,4621.09093841,28
36111952600,0,0,792175.26,674.91,51560.6411321,5274.2157672,53
36111952700,0,0,339283.18,289.07,34279.437561,4926.31089938,41
36111952800,0,0,247281.1,210.69,42655.2129167,4957.03804345,24
36111952900,0,0,1047709.7,892.62,39709.3531624,5426.71786554,117
36111953300,0,0,3439359.37,2930.24,41766.9094529,5050.52329533,329
36111953700,1,0,1692775.86,1442.2,39800.764104,4891.06900703,173
36111953900,2,0,2143208.86,1825.95,48996.5315,4729.92361555,180
36111954000,0,0,271091.32,230.98,35555.0236667,4638.24294876,30
36111954100,0,0,305090.41,259.94,36209.2235294,4747.88315187,34
36111954200,1,0,1324562.19,1128.48,53143.8382759,5491.87828852,116
36111954400,0,0,1744799.26,1486.51,47239.0244928,4656.9550233,138
36111954500,0,0,115183.05,98.14,35232.65,4519.52734856,12
36111954600,0,0,754269.69,642.59,114532.358571,4620.31150174,21
36111954700,0,0,928460.48,791.01,69749.077907,4353.66407829,43
36111955000,2,0,1841244.33,1568.64,49101.537971,4781.50691806,138
36111955300,0,0,51132.47,43.57,31335.25,5997.79744768,8
36111955400,0,0,2524734.95,2151.03,41836.479125,4853.24553494,240
36113070300,1,0,1500689.86,1278.49,78068.2769565,4449.80072777,69
36113070500,0,0,8557.29,7.29,24580.67,3371.8340192,1
36113070701,0,0,6618956.29,5638.91,93375.131375,4622.07684291,240
36113071000,0,0,180577.68,153.85,35031.975,4030.89534029,18
36113072000,0,0,370722.14,315.84,55799.7231034,4986.37191392,29
36113073000,0,0,1135191.35,967.08,108969.974054,4464.92797662,37
36113073500,0,0,32820.57,27.96,25539.208,5451.80042735,5
36113074000,0,0,331650.89,282.54,42960.9288462,5065.9955036,26
36113075000,1,0,341892.63,291.27,105466.705263,5544.16033594,19
36113076000,1,0,249872.98,212.87,53618.7805556,5110.13111909,18
36113078000,0,0,251053.84,213.87,40939.7879167,4885.02244133,24
36115080300,2,0,1563073.61,1331.63,63175.6188506,4954.0301337,87
36115081000,1,0,638232.06,543.75,48556.1953061,4667.36403465,49
36115082001,0,0,386698.11,329.47,37371.7483333,4043.34847169,36
36115082002,0,0,30167.69,25.7,30666.1466667,3364.66666667,3
36115084000,1,0,1003744.73,855.12,65884.5132075,4809.30878377,53
36115085000,0,0,149673.99,127.51,54266.1272727,4884.30182138,11
36115087000,2,0,708858.48,603.91,53592.2072727,5004.76357863,55
36115088000,2,0,2866012.51,2441.68,104410.047634,4721.99373151,93
36115089000,0,0,1244899.55,1060.57,52919.2260759,4777.0724051,79
36115090000,0,0,760427.61,647.82,47932.3263415,5671.57252074,41
36115091000,0,0,724323.86,617.08,57830.8246512,4646.42924551,43
36115092000,0,0,195268.28,166.36,40250.0040909,5564.28838116,22
36117020101,0,2,844758.67,719.68,80388.8052,3627.42400802,25
36117020201,0,0,96207.93,81.97,35814.8166667,4571.69706176,9
36117020301,0,0,1317834.96,1122.68,141236.508214,3929.69876202,28
36117020401,0,0,736230.13,627.23,60321.1816667,3800.50067789,42
36117020500,1,0,411864.07,350.87,90160.6571429,4208.90692508,14
36117020700,0,0,488263.43,415.96,72107.075625,3191.21697487,16
36117020800,0,0,14673.0,12.5,17859.6666667,4850.87510889,3
36117020900,0,0,492463.47,419.53,62884.6652381,3986.02808919,21
36117021000,0,0,177191.15,150.94,47128.3066667,4557.66729629,15
36117021200,0,0,121412.63,103.43,35444.4292308,4944.31076578,13
36117021501,0,0,387408.27,330.04,48235.4365,3602.89636813,20
36117021700,2,0,158867.5,135.34,46135.137,3611.42187311,10
36117021800,2,0,159712.67,136.06,39638.1233333,3788.00718716,12
36119000801,0,0,652176.08,555.71,25427.9409574,4323.16529495,94
36119001301,0,0,716193.81,610.2,27836.6576404,4159.51310306,89
36119001504,0,0,1559447.55,1328.63,37189.8834307,4161.05626712,137
36119001600,0,0,1969120.07,1677.66,45447.7319876,4417.05291172,161
36119002000,0,0,1588632.74,1353.59,26939.3739614,4098.5333443,207
36119002103,0,0,264373.4,225.26,31302.6629412,4697.27766412,34
36119003100,0,0,929636.69,792.02,54501.9040625,4284.97712915,64
36119003400,0,0,166397.68,141.77,20422.9042308,3833.96557383,26
36119004200,0,0,296236.14,252.39,26499.4609524,4489.25442278,42
36119004600,0,0,232925.06,198.47,30513.7151724,4469.05686068,29
36119005100,0,0,280686.3,239.13,33330.7593939,4562.18420879,33
36119005500,0,0,256438.25,218.5,33979.6242424,5178.53364531,33
36119005702,0,0,423726.89,361.01,61499.1384615,4372.48805562,26
36119006500,0,0,1057065.2,900.61,37837.8501,4345.56289902,100
36119006802,0,0,577171.29,491.73,38172.4752727,4392.63307558,55
36119007100,0,0,651484.7,555.04,34141.3897101,4861.38272983,69
36119007401,0,0,1063688.01,906.2,38780.3651402,5127.45423337,107
36119007700,0,0,576115.95,490.83,46249.2415094,5477.21158219,53
36119008200,0,0,1532291.98,1305.47,39167.5759589,4335.66546443,146
36119008401,0,0,393705.93,335.41,38665.8669444,4391.3016384,36
36119008602,0,0,214606.12,182.84,65347.1473333,5246.16906861,15
36119008700,0,0,617545.5,526.12,64226.9967391,4965.17082493,46
36119009200,0,0,359764.35,306.53,29573.2034783,4212.83349148,46
36119009400,0,0,548726.77,467.5,70497.7802632,4930.38125077,38
36119009702,0,0,1172586.3,999.01,48607.7911429,4801.81180326,105
36119009900,0,0,1389662.2,1183.94,51212.1618584,5136.07729007,113
36119010200,0,0,851745.36,725.64,35375.6868605,4766.41407419,86
36119010500,0,0,749783.27,638.8,40313.74125,4814.99370289,72
36119010600,0,0,316004.79,269.23,38082.1071429,4965.02907209,35
36119010801,0,0,590742.02,503.3,34685.9319444,4630.1943116,72
36119010902,0,1,1438282.68,1225.38,36492.1161972,4605.36833376,142
36119010903,0,0,834589.67,711.07,33980.1914773,4449.05964947,88
36119011200,0,0,948009.61,807.67,49307.6554545,4546.27132333,77
36119011300,0,0,434567.31,370.27,34208.016,4995.98613074,50
36119011400,0,0,1249722.94,1064.72,43659.2050549,4175.58558915,91
36119011902,0,0,492131.27,419.29,43207.2366667,4817.78282934,48
36119012000,0,0,710400.94,605.23,67183.9920588,4650.46548155,34
36119012102,0,0,353114.54,300.84,59170.2169231,4803.38997727,26
36119012200,0,0,777260.51,662.25,43603.5998485,4693.5939781,66
36119012303,0,0,422591.77,360.01,54631.2687097,4727.81641251,31
36119012400,1,0,275312.43,234.56,45492.3125,4657.85933044,24
36119012501,0,0,623623.61,531.33,41530.2075,4854.28894427,60
36119012502,0,0,37140.3,31.64,46384.6666667,4050.0,3
36119012503,0,0,280172.14,238.71,34663.4003448,4443.16492678,29
36119012700,0,0,258510.08,220.24,71765.3966667,5699.00880583,18
36119012802,0,0,158174.95,134.76,65856.7,4680.82256232,10
36119013000,0,0,728196.31,620.39,50602.9930159,4931.58657083,63
36119013103,0,0,48526.55,41.34,36779.13,3622.4,4
36119013104,0,0,746598.62,636.11,38910.7891304,4425.89790925,69
36119013201,0,0,1032353.54,879.54,55141.291039,5011.09220109,77
36119013700,0,0,3110269.84,2649.82,44788.2893893,4603.99346006,262
36119013900,0,0,1212622.44,1033.12,37169.4999275,5088.48606783,138
36119014000,0,0,653123.39,556.42,51405.44,4181.69342923,37
36119014300,1,0,1573005.48,1340.18,32771.1026744,4282.62395064,172
36119014604,0,1,951244.72,810.4,49804.79,4659.39806406,68
36119014701,0,0,2414963.29,2057.46,38265.7565289,4585.69573421,242
36119014804,0,0,701371.75,597.55,34229.5824324,4360.58160932,74
36119014805,0,0,50345.99,42.89,27707.42,4741.47138512,7
36119014806,0,0,3521.52,3.0,24066.0,8022.0,1
36119014808,0,2,2265546.41,1930.18,52784.3676761,4643.27712851,142
36119014903,0,0,437754.3,372.94,71910.284,4007.12116447,20
36119014907,0,0,273281.69,232.82,175994.176667,4674.10261279,6
36119014908,0,0,85731.39,73.05,37509.3066667,4965.08838589,9
36119015000,0,0,221748.94,188.91,60684.9458333,4256.17936409,12
36121970100,0,0,28489.11,24.27,19576.6725,3194.78914956,4
36121970200,0,0,242591.64,206.68,39014.0415789,4195.06274562,19
36121970300,0,0,62841.53,53.54,50108.5,4084.85576923,4
36121970400,0,0,177254.56,151.02,48363.0014286,4088.1525823,14
36121970500,0,0,107332.42,91.44,28388.5666667,3920.05225345,12
36121970600,0,0,43531.86,37.09,18350.765,4366.51987623,8
36121970700,0,0,113833.13,96.98,81565.8,4070.10115945,5
36121970800,0,0,99183.6,84.51,33755.1422222,3801.19767338,9
36121970900,0,0,61060.81,52.02,85722.3333333,4101.93818195,3
36121971000,0,0,12442.7,10.6,38877.0,3667.64150943,1
36121971100,0,0,55857.19,47.59,27557.7671429,5268.79974137,7
36123150100,0,0,108580.2,92.5,124382.696667,3638.61478289,3
36123150300,0,0,449851.85,383.25,55200.2945833,4297.52927686,24
36123150400,1,0,900021.86,766.74,45011.4772414,3814.94983177,58
36123150500,1,0,230430.66,196.31,38249.445,3586.87702704,18
